Grupo 1,Grupo 2,Grupo 3,Grupo 4,Grupo 5
,  ,,,
2RY001001,2RY001001,2RY001001,2RY001001,2RY001001
2RY001002,2RY001002,2RY001002,2RY001002,2RY001002
2RY001003,2RY001003,2RY001003,2RY001003,2RY001003
2RY001004,2RY001004,2RY001004,2RY001004,2RY001004
2RY001005,2RY001005,2RY001005,2RY001005,2RY001005
2RY001006,2RY001006,2RY001006,2RY001006,2RY001006
2RY001007,2RY001007,2RY001007,2RY001007,2RY001007
2RY001008,2RY001008,2RY001008,2RY001008,2RY001008
2RY001009,2RY001009,2RY001009,2RY001009,2RY001009
2RY001010,2RY001010,2RY001010,2RY001010,2RY001010
2RY001011,2RY001011,2RY001011,2RY001011,2RY001011
2RY001012,2RY001012,2RY001012,2RY001012,2RY001012
2RY001013,2RY001013,2RY001013,2RY001013,2RY001013
2RY001014,2RY001014,2RY001014,2RY001014,2RY001014
2RY001015,2RY001015,2RY001015,2RY001015,2RY001015
2RY001016,2RY001016,2RY001016,2RY001016,2RY001016
2RY001017,2RY001017,2RY001017,2RY001017,2RY001017
2RY001018,2RY001018,2RY001018,2RY001018,2RY001018
2RY002001,2RY002001,2RY002001,2RY002001,2RY002001
2RY002002,2RY002002,2RY002002,2RY002002,2RY002002
2RY002003,2RY002003,2RY002003,2RY002003,2RY002003
2RY002004,2RY002004,2RY002004,2RY002004,2RY002004
2RY002005,2RY002005,2RY002005,2RY002005,2RY002005
2RY002006,2RY002006,2RY002006,2RY002006,2RY002006
2RY002007,2RY002007,2RY002007,2RY002007,2RY002007
2RY002008,2RY002008,2RY002008,2RY002008,2RY002008
2RY002009,2RY002009,2RY002009,2RY002009,2RY002009
2RY002010,2RY002010,2RY002010,2RY002010,2RY002010
2RY002011,2RY002011,2RY002011,2RY002011,2RY002011
2RY002012,2RY002012,2RY002012,2RY002012,2RY002012
2RY002013,2RY002013,2RY002013,2RY002013,2RY002013
2RY002014,2RY002014,2RY002014,2RY002014,2RY002014
2RY002015,2RY002015,2RY002015,2RY002015,2RY002015
2RY002016,2RY002016,2RY002016,2RY002016,2RY002016
2RY002017,2RY002017,2RY002017,2RY002017,2RY002017
2RY002018,2RY002018,2RY002018,2RY002018,2RY002018
2RY002019,2RY002019,2RY002019,2RY002019,2RY002019
2RY002020,2RY002020,2RY002020,2RY002020,2RY002020
2RY002021,2RY002021,2RY002021,2RY002021,2RY002021
2RY002022,2RY002022,2RY002022,2RY002022,2RY002022
2RY002023,2RY002023,2RY002023,2RY002023,2RY002023
2RY002024,2RY002024,2RY002024,2RY002024,2RY002024
2RY002025,2RY002025,2RY002025,2RY002025,2RY002025
2RY003001,2RY003001,2RY003001,2RY003001,2RY003001
2RY003002,2RY003002,2RY003002,2RY003002,2RY003002
2RY003003,2RY003003,2RY003003,2RY003003,2RY003003
2RY003004,2RY003004,2RY003004,2RY003004,2RY003004
2RY003005,2RY003005,2RY003005,2RY003005,2RY003005
2RY003006,2RY003006,2RY003006,2RY003006,2RY003006
2RY003007,2RY003007,2RY003007,2RY003007,2RY003007
2RY003008,2RY003008,2RY003008,2RY003008,2RY003008
2RY003009,2RY003009,2RY003009,2RY003009,2RY003009
2RY003010,2RY003010,2RY003010,2RY003010,2RY003010
2RY003011,2RY003011,2RY003011,2RY003011,2RY003011
2RY003012,2RY003012,2RY003012,2RY003012,2RY003012
2RY003013,2RY003013,2RY003013,2RY003013,2RY003013
2RY003014,2RY003014,2RY003014,2RY003014,2RY003014
2RY003015,2RY003015,2RY003015,2RY003015,2RY003015
2RY003016,2RY003016,2RY003016,2RY003016,2RY003016
2RY003017,2RY003017,2RY003017,2RY003017,2RY003017
2RY003018,2RY003018,2RY003018,2RY003018,2RY003018
2RY003019,2RY003019,2RY003019,2RY003019,2RY003019
2RY003020,2RY003020,2RY003020,2RY003020,2RY003020
2RY003021,2RY003021,2RY003021,2RY003021,2RY003021
2RY003022,2RY003022,2RY003022,2RY003022,2RY003022
2RY003023,2RY003023,2RY003023,2RY003023,2RY003023
2RY003024,2RY003024,2RY003024,2RY003024,2RY003024
2RY003025,2RY003025,2RY003025,2RY003025,2RY003025
2RY003026,2RY003026,2RY003026,2RY003026,2RY003026
2RY003027,2RY003027,2RY003027,2RY003027,2RY003027
2RY004001,2RY004001,2RY004001,2RY004001,2RY004001
2RY004002,2RY004002,2RY004002,2RY004002,2RY004002
2RY004003,2RY004003,2RY004003,2RY004003,2RY004003
2RY004004,2RY004004,2RY004004,2RY004004,2RY004004
2RY004005,2RY004005,2RY004005,2RY004005,2RY004005
2RY004006,2RY004006,2RY004006,2RY004006,2RY004006
2RY004007,2RY004007,2RY004007,2RY004007,2RY004007
2RY004008,2RY004008,2RY004008,2RY004008,2RY004008
2RY004009,2RY004009,2RY004009,2RY004009,2RY004009
2RY004010,2RY004010,2RY004010,2RY004010,2RY004010
2RY004011,2RY004011,2RY004011,2RY004011,2RY004011
2RY004012,2RY004012,2RY004012,2RY004012,2RY004012
2RY004013,2RY004013,2RY004013,2RY004013,2RY004013
2RY004014,2RY004014,2RY004014,2RY004014,2RY004014
2RY004015,2RY004015,2RY004015,2RY004015,2RY004015
2RY004016,2RY004016,2RY004016,2RY004016,2RY004016
2RY004017,2RY004017,2RY004017,2RY004017,2RY004017
2RY004018,2RY004018,2RY004018,2RY004018,2RY004018
2RY004019,2RY004019,2RY004019,2RY004019,2RY004019
2RY004020,2RY004020,2RY004020,2RY004020,2RY004020
2RY004021,2RY004021,2RY004021,2RY004021,2RY004021
2RY004022,2RY004022,2RY004022,2RY004022,2RY004022
2RY004023,2RY004023,2RY004023,2RY004023,2RY004023
2RY004024,2RY004024,2RY004024,2RY004024,2RY004024
2RY004025,2RY004025,2RY004025,2RY004025,2RY004025
2RY004026,2RY004026,2RY004026,2RY004026,2RY004026
2RY004027,2RY004027,2RY004027,2RY004027,2RY004027
2RY004028,2RY004028,2RY004028,2RY004028,2RY004028
2RY004029,2RY004029,2RY004029,2RY004029,2RY004029
2RY004030,2RY004030,2RY004030,2RY004030,2RY004030
2RY004031,2RY004031,2RY004031,2RY004031,2RY004031
2RY004032,2RY004032,2RY004032,2RY004032,2RY004032
2RY004033,2RY004033,2RY004033,2RY004033,2RY004033
2RY004034,2RY004034,2RY004034,2RY004034,2RY004034
2RY004035,2RY004035,2RY004035,2RY004035,2RY004035
2RY004036,2RY004036,2RY004036,2RY004036,2RY004036
2RY004037,2RY004037,2RY004037,2RY004037,2RY004037
2RY004038,2RY004038,2RY004038,2RY004038,2RY004038
2RY004039,2RY004039,2RY004039,2RY004039,2RY004039
2RY004040,2RY004040,2RY004040,2RY004040,2RY004040
2RY004041,2RY004041,2RY004041,2RY004041,2RY004041
2RY004042,2RY004042,2RY004042,2RY004042,2RY004042
2RY004043,2RY004043,2RY004043,2RY004043,2RY004043
2RY004044,2RY004044,2RY004044,2RY004044,2RY004044
2RY005001,2RY005001,2RY005001,2RY005001,2RY005001
2RY005002,2RY005002,2RY005002,2RY005002,2RY005002
2RY005003,2RY005003,2RY005003,2RY005003,2RY005003
2RY005004,2RY005004,2RY005004,2RY005004,2RY005004
2RY005005,2RY005005,2RY005005,2RY005005,2RY005005
2RY005006,2RY005006,2RY005006,2RY005006,2RY005006
2RY005007,2RY005007,2RY005007,2RY005007,2RY005007
2RY005008,2RY005008,2RY005008,2RY005008,2RY005008
2RY005009,2RY005009,2RY005009,2RY005009,2RY005009
2RY005010,2RY005010,2RY005010,2RY005010,2RY005010
2RY005011,2RY005011,2RY005011,2RY005011,2RY005011
2RY005012,2RY005012,2RY005012,2RY005012,2RY005012
2RY005013,2RY005013,2RY005013,2RY005013,2RY005013
2RY005014,2RY005014,2RY005014,2RY005014,2RY005014
2RY005015,2RY005015,2RY005015,2RY005015,2RY005015
2RY005016,2RY005016,2RY005016,2RY005016,2RY005016
2RY005017,2RY005017,2RY005017,2RY005017,2RY005017
2RY005018,2RY005018,2RY005018,2RY005018,2RY005018
2RY005019,2RY005019,2RY005019,2RY005019,2RY005019
2RY005020,2RY005020,2RY005020,2RY005020,2RY005020
2RY005021,2RY005021,2RY005021,2RY005021,2RY005021
2RY005022,2RY005022,2RY005022,2RY005022,2RY005022
2RY005023,2RY005023,2RY005023,2RY005023,2RY005023
2RY005024,2RY005024,2RY005024,2RY005024,2RY005024
2RY005025,2RY005025,2RY005025,2RY005025,2RY005025
2RY005026,2RY005026,2RY005026,2RY005026,2RY005026
2RY005027,2RY005027,2RY005027,2RY005027,2RY005027
2RY006001,2RY006001,2RY006001,2RY006001,2RY006001
2RY006002,2RY006002,2RY006002,2RY006002,2RY006002
2RY006003,2RY006003,2RY006003,2RY006003,2RY006003
2RY006004,2RY006004,2RY006004,2RY006004,2RY006004
2RY006005,2RY006005,2RY006005,2RY006005,2RY006005
2RY006006,2RY006006,2RY006006,2RY006006,2RY006006
2RY006007,2RY006007,2RY006007,2RY006007,2RY006007
2RY006008,2RY006008,2RY006008,2RY006008,2RY006008
2RY006009,2RY006009,2RY006009,2RY006009,2RY006009
2RY006010,2RY006010,2RY006010,2RY006010,2RY006010
2RY006011,2RY006011,2RY006011,2RY006011,2RY006011
2RY006012,2RY006012,2RY006012,2RY006012,2RY006012
2RY006013,2RY006013,2RY006013,2RY006013,2RY006013
2RY006014,2RY006014,2RY006014,2RY006014,2RY006014
2RY006015,2RY006015,2RY006015,2RY006015,2RY006015
2RY006016,2RY006016,2RY006016,2RY006016,2RY006016
2RY006017,2RY006017,2RY006017,2RY006017,2RY006017
2RY006018,2RY006018,2RY006018,2RY006018,2RY006018
2RY006019,2RY006019,2RY006019,2RY006019,2RY006019
2RY006020,2RY006020,2RY006020,2RY006020,2RY006020
2RY006021,2RY006021,2RY006021,2RY006021,2RY006021
2RY006022,2RY006022,2RY006022,2RY006022,2RY006022
2RY006023,2RY006023,2RY006023,2RY006023,2RY006023
2RY006024,2RY006024,2RY006024,2RY006024,2RY006024
2RY006025,2RY006025,2RY006025,2RY006025,2RY006025
2RY006026,2RY006026,2RY006026,2RY006026,2RY006026
2RY006027,2RY006027,2RY006027,2RY006027,2RY006027
2RY006028,2RY006028,2RY006028,2RY006028,2RY006028
2RY006029,2RY006029,2RY006029,2RY006029,2RY006029
2RY006030,2RY006030,2RY006030,2RY006030,2RY006030
2RY006031,2RY006031,2RY006031,2RY006031,2RY006031
2RY006032,2RY006032,2RY006032,2RY006032,2RY006032
2RY006033,2RY006033,2RY006033,2RY006033,2RY006033
2RY007001,2RY007001,2RY007001,2RY007001,2RY007001
2RY007002,2RY007002,2RY007002,2RY007002,2RY007002
2RY007003,2RY007003,2RY007003,2RY007003,2RY007003
2RY007004,2RY007004,2RY007004,2RY007004,2RY007004
2RY007005,2RY007005,2RY007005,2RY007005,2RY007005
2RY007006,2RY007006,2RY007006,2RY007006,2RY007006
2RY007007,2RY007007,2RY007007,2RY007007,2RY007007
2RY007008,2RY007008,2RY007008,2RY007008,2RY007008
2RY007009,2RY007009,2RY007009,2RY007009,2RY007009
2RY007010,2RY007010,2RY007010,2RY007010,2RY007010
2RY007011,2RY007011,2RY007011,2RY007011,2RY007011
2RY007012,2RY007012,2RY007012,2RY007012,2RY007012
2RY007013,2RY007013,2RY007013,2RY007013,2RY007013
2RY007014,2RY007014,2RY007014,2RY007014,2RY007014
2RY007015,2RY007015,2RY007015,2RY007015,2RY007015
2RY007016,2RY007016,2RY007016,2RY007016,2RY007016
2RY007017,2RY007017,2RY007017,2RY007017,2RY007017
2RY007018,2RY007018,2RY007018,2RY007018,2RY007018
2RY007019,2RY007019,2RY007019,2RY007019,2RY007019
2RY007020,2RY007020,2RY007020,2RY007020,2RY007020
2RY008001,2RY008001,2RY008001,2RY008001,2RY008001
2RY008002,2RY008002,2RY008002,2RY008002,2RY008002
2RY008003,2RY008003,2RY008003,2RY008003,2RY008003
2RY008004,2RY008004,2RY008004,2RY008004,2RY008004
2RY008005,2RY008005,2RY008005,2RY008005,2RY008005
2RY008006,2RY008006,2RY008006,2RY008006,2RY008006
2RY008007,2RY008007,2RY008007,2RY008007,2RY008007
2RY008008,2RY008008,2RY008008,2RY008008,2RY008008
2RY008009,2RY008009,2RY008009,2RY008009,2RY008009
2RY008010,2RY008010,2RY008010,2RY008010,2RY008010
2RY008011,2RY008011,2RY008011,2RY008011,2RY008011
2RY008012,2RY008012,2RY008012,2RY008012,2RY008012
2RY008013,2RY008013,2RY008013,2RY008013,2RY008013
2RY008014,2RY008014,2RY008014,2RY008014,2RY008014
2RY008015,2RY008015,2RY008015,2RY008015,2RY008015
2RY008016,2RY008016,2RY008016,2RY008016,2RY008016
2RY008017,2RY008017,2RY008017,2RY008017,2RY008017
2RY008018,2RY008018,2RY008018,2RY008018,2RY008018
2RY008019,2RY008019,2RY008019,2RY008019,2RY008019
2RY008020,2RY008020,2RY008020,2RY008020,2RY008020
2RY008021,2RY008021,2RY008021,2RY008021,2RY008021
2RY008022,2RY008022,2RY008022,2RY008022,2RY008022
2RY008023,2RY008023,2RY008023,2RY008023,2RY008023
2RY008024,2RY008024,2RY008024,2RY008024,2RY008024
2RY008025,2RY008025,2RY008025,2RY008025,2RY008025
2RY008026,2RY008026,2RY008026,2RY008026,2RY008026
2RY008027,2RY008027,2RY008027,2RY008027,2RY008027
2RY008028,2RY008028,2RY008028,2RY008028,2RY008028
2RY008029,2RY008029,2RY008029,2RY008029,2RY008029
2RY009001,2RY009001,2RY009001,2RY009001,2RY009001
2RY009002,2RY009002,2RY009002,2RY009002,2RY009002
2RY009003,2RY009003,2RY009003,2RY009003,2RY009003
2RY009004,2RY009004,2RY009004,2RY009004,2RY009004
2RY009005,2RY009005,2RY009005,2RY009005,2RY009005
2RY009006,2RY009006,2RY009006,2RY009006,2RY009006
2RY009007,2RY009007,2RY009007,2RY009007,2RY009007
2RY009008,2RY009008,2RY009008,2RY009008,2RY009008
2RY009009,2RY009009,2RY009009,2RY009009,2RY009009
2RY009010,2RY009010,2RY009010,2RY009010,2RY009010
2RY009011,2RY009011,2RY009011,2RY009011,2RY009011
2RY009012,2RY009012,2RY009012,2RY009012,2RY009012
2RY009013,2RY009013,2RY009013,2RY009013,2RY009013
2RY009014,2RY009014,2RY009014,2RY009014,2RY009014
2RY009015,2RY009015,2RY009015,2RY009015,2RY009015
2RY009016,2RY009016,2RY009016,2RY009016,2RY009016
2RY009017,2RY009017,2RY009017,2RY009017,2RY009017
2RY009018,2RY009018,2RY009018,2RY009018,2RY009018
2RY009019,2RY009019,2RY009019,2RY009019,2RY009019
2RY009020,2RY009020,2RY009020,2RY009020,2RY009020
2RY009021,2RY009021,2RY009021,2RY009021,2RY009021
2RY009022,2RY009022,2RY009022,2RY009022,2RY009022
2RY009023,2RY009023,2RY009023,2RY009023,2RY009023
2RY009024,2RY009024,2RY009024,2RY009024,2RY009024
2RY009025,2RY009025,2RY009025,2RY009025,2RY009025
2RY009026,2RY009026,2RY009026,2RY009026,2RY009026
2RY009027,2RY009027,2RY009027,2RY009027,2RY009027
2RY009028,2RY009028,2RY009028,2RY009028,2RY009028
2RY009029,2RY009029,2RY009029,2RY009029,2RY009029
2RY009030,2RY009030,2RY009030,2RY009030,2RY009030
2RY009031,2RY009031,2RY009031,2RY009031,2RY009031
2RY009032,2RY009032,2RY009032,2RY009032,2RY009032
2RY009033,2RY009033,2RY009033,2RY009033,2RY009033
2RY009034,2RY009034,2RY009034,2RY009034,2RY009034
2RY009035,2RY009035,2RY009035,2RY009035,2RY009035
2RY009036,2RY009036,2RY009036,2RY009036,2RY009036
2RY009037,2RY009037,2RY009037,2RY009037,2RY009037
2RY010001,2RY010001,2RY010001,2RY010001,2RY010001
2RY010002,2RY010002,2RY010002,2RY010002,2RY010002
2RY010003,2RY010003,2RY010003,2RY010003,2RY010003
2RY010004,2RY010004,2RY010004,2RY010004,2RY010004
2RY010005,2RY010005,2RY010005,2RY010005,2RY010005
2RY010006,2RY010006,2RY010006,2RY010006,2RY010006
2RY010007,2RY010007,2RY010007,2RY010007,2RY010007
2RY010008,2RY010008,2RY010008,2RY010008,2RY010008
2RY010009,2RY010009,2RY010009,2RY010009,2RY010009
2RY010010,2RY010010,2RY010010,2RY010010,2RY010010
2RY010011,2RY010011,2RY010011,2RY010011,2RY010011
2RY010012,2RY010012,2RY010012,2RY010012,2RY010012
2RY010013,2RY010013,2RY010013,2RY010013,2RY010013
2RY010014,2RY010014,2RY010014,2RY010014,2RY010014
2RY010015,2RY010015,2RY010015,2RY010015,2RY010015
2RY010016,2RY010016,2RY010016,2RY010016,2RY010016
2RY010017,2RY010017,2RY010017,2RY010017,2RY010017
2RY010018,2RY010018,2RY010018,2RY010018,2RY010018
2RY010019,2RY010019,2RY010019,2RY010019,2RY010019
2RY010020,2RY010020,2RY010020,2RY010020,2RY010020
2RY010021,2RY010021,2RY010021,2RY010021,2RY010021
2RY010022,2RY010022,2RY010022,2RY010022,2RY010022
2RY010023,2RY010023,2RY010023,2RY010023,2RY010023
2RY010024,2RY010024,2RY010024,2RY010024,2RY010024
2RY010025,2RY010025,2RY010025,2RY010025,2RY010025
2RY010026,2RY010026,2RY010026,2RY010026,2RY010026
2RY010027,2RY010027,2RY010027,2RY010027,2RY010027
2RY010028,2RY010028,2RY010028,2RY010028,2RY010028
2RY010029,2RY010029,2RY010029,2RY010029,2RY010029
2RY010030,2RY010030,2RY010030,2RY010030,2RY010030
2RY010031,2RY010031,2RY010031,2RY010031,2RY010031
2RY010032,2RY010032,2RY010032,2RY010032,2RY010032
2RY010033,2RY010033,2RY010033,2RY010033,2RY010033
2RY010034,2RY010034,2RY010034,2RY010034,2RY010034
2RY010035,2RY010035,2RY010035,2RY010035,2RY010035
2RY010036,2RY010036,2RY010036,2RY010036,
2RY011001,2RY011001,2RY011001,2RY011001,2RY011001
2RY011002,2RY011002,2RY011002,2RY011002,2RY011002
2RY011003,2RY011003,2RY011003,2RY011003,2RY011003
2RY011004,2RY011004,2RY011004,2RY011004,2RY011004
2RY011005,2RY011005,2RY011005,2RY011005,2RY011005
2RY011006,2RY011006,2RY011006,2RY011006,2RY011006
2RY011007,2RY011007,2RY011007,2RY011007,2RY011007
2RY011008,2RY011008,2RY011008,2RY011008,2RY011008
2RY011009,2RY011009,2RY011009,2RY011009,2RY011009
2RY011010,2RY011010,2RY011010,2RY011010,2RY011010
2RY011011,2RY011011,2RY011011,2RY011011,2RY011011
2RY011012,2RY011012,2RY011012,2RY011012,2RY011012
2RY011013,2RY011013,2RY011013,2RY011013,2RY011013
2RY011014,2RY011014,2RY011014,2RY011014,2RY011014
2RY011015,2RY011015,2RY011015,2RY011015,2RY011015
2RY011016,2RY011016,2RY011016,2RY011016,2RY011016
2RY011017,2RY011017,2RY011017,2RY011017,2RY011017
2RY011018,2RY011018,2RY011018,2RY011018,2RY011018
2RY011019,2RY011019,2RY011019,2RY011019,2RY011019
2RY011020,2RY011020,2RY011020,2RY011020,2RY011020
2RY011021,,,2RY011021,
2RY012001,2RY012001,2RY012001,2RY012001,2RY012001
2RY012002,2RY012002,2RY012002,2RY012002,2RY012002
2RY012003,2RY012003,2RY012003,2RY012003,2RY012003
2RY012004,2RY012004,2RY012004,2RY012004,2RY012004
2RY012005,2RY012005,2RY012005,2RY012005,2RY012005
2RY012006,2RY012006,2RY012006,2RY012006,2RY012006
2RY012007,2RY012007,2RY012007,2RY012007,2RY012007
2RY012008,2RY012008,2RY012008,2RY012008,2RY012008
2RY012009,2RY012009,2RY012009,2RY012009,2RY012009
2RY012010,2RY012010,2RY012010,2RY012010,2RY012010
2RY012011,2RY012011,2RY012011,2RY012011,2RY012011
2RY012012,2RY012012,2RY012012,2RY012012,2RY012012
2RY012013,2RY012013,2RY012013,2RY012013,2RY012013
2RY012014,2RY012014,2RY012014,2RY012014,2RY012014
2RY012015,2RY012015,2RY012015,2RY012015,2RY012015
2RY012016,2RY012016,2RY012016,2RY012016,2RY012016
2RY012017,2RY012017,2RY012017,2RY012017,2RY012017
2RY012018,2RY012018,2RY012018,2RY012018,2RY012018
2RY012019,2RY012019,2RY012019,2RY012019,2RY012019
2RY012020,2RY012020,2RY012020,2RY012020,2RY012020
2RY012021,2RY012021,2RY012021,2RY012021,2RY012021
,2RY012022,,,2RY012022
2RY013001,2RY013001,2RY013001,2RY013001,2RY013001
2RY013002,2RY013002,2RY013002,2RY013002,2RY013002
2RY013003,2RY013003,2RY013003,2RY013003,2RY013003
2RY013004,2RY013004,2RY013004,2RY013004,2RY013004
2RY013005,2RY013005,2RY013005,2RY013005,2RY013005
2RY013006,2RY013006,2RY013006,2RY013006,2RY013006
2RY013007,2RY013007,2RY013007,2RY013007,2RY013007
2RY013008,2RY013008,2RY013008,2RY013008,2RY013008
2RY013009,2RY013009,2RY013009,2RY013009,2RY013009
2RY013010,2RY013010,2RY013010,2RY013010,2RY013010
2RY013011,2RY013011,2RY013011,2RY013011,2RY013011
2RY013012,2RY013012,2RY013012,2RY013012,2RY013012
2RY013013,2RY013013,2RY013013,2RY013013,2RY013013
2RY013014,2RY013014,2RY013014,2RY013014,2RY013014
2RY013015,2RY013015,2RY013015,2RY013015,2RY013015
2RY013016,2RY013016,2RY013016,2RY013016,2RY013016
2RY013017,2RY013017,2RY013017,2RY013017,2RY013017
2RY013018,2RY013018,2RY013018,2RY013018,2RY013018
2RY013019,2RY013019,2RY013019,2RY013019,2RY013019
2RY013020,2RY013020,2RY013020,2RY013020,2RY013020
2RY013021,2RY013021,2RY013021,2RY013021,2RY013021
2RY013022,2RY013022,2RY013022,2RY013022,2RY013022
2RY013023,2RY013023,2RY013023,2RY013023,2RY013023
2RY013024,2RY013024,2RY013024,2RY013024,2RY013024
2RY013025,2RY013025,2RY013025,2RY013025,2RY013025
2RY014001,2RY014001,2RY014001,2RY014001,2RY014001
2RY014002,2RY014002,2RY014002,2RY014002,2RY014002
2RY014003,2RY014003,2RY014003,2RY014003,2RY014003
2RY014004,2RY014004,2RY014004,2RY014004,2RY014004
2RY014005,2RY014005,2RY014005,2RY014005,2RY014005
2RY014006,2RY014006,2RY014006,2RY014006,2RY014006
2RY014007,2RY014007,2RY014007,2RY014007,2RY014007
2RY014008,2RY014008,2RY014008,2RY014008,2RY014008
2RY014009,2RY014009,2RY014009,2RY014009,2RY014009
2RY014010,2RY014010,2RY014010,2RY014010,2RY014010
2RY014011,2RY014011,2RY014011,2RY014011,2RY014011
2RY014012,2RY014012,2RY014012,2RY014012,2RY014012
2RY014013,2RY014013,2RY014013,2RY014013,2RY014013
2RY014014,2RY014014,2RY014014,2RY014014,2RY014014
2RY014015,2RY014015,2RY014015,2RY014015,2RY014015
2RY014016,2RY014016,2RY014016,2RY014016,2RY014016
2RY014017,2RY014017,2RY014017,2RY014017,2RY014017
2RY014018,2RY014018,2RY014018,2RY014018,2RY014018
2RY014019,2RY014019,2RY014019,2RY014019,2RY014019
2RY014020,2RY014020,2RY014020,2RY014020,2RY014020
2RY014021,2RY014021,2RY014021,2RY014021,2RY014021
2RY014022,2RY014022,2RY014022,2RY014022,2RY014022
2RY014023,2RY014023,2RY014023,2RY014023,2RY014023
2RY014024,2RY014024,2RY014024,2RY014024,2RY014024
2RY014025,2RY014025,2RY014025,2RY014025,2RY014025
2RY014026,2RY014026,2RY014026,2RY014026,2RY014026
2RY014027,2RY014027,2RY014027,2RY014027,2RY014027
2RY014028,2RY014028,2RY014028,2RY014028,2RY014028
2RY014029,2RY014029,2RY014029,2RY014029,2RY014029
2RY015001,2RY015001,2RY015001,2RY015001,2RY015001
2RY015002,2RY015002,2RY015002,2RY015002,2RY015002
2RY015003,2RY015003,2RY015003,2RY015003,2RY015003
2RY015004,2RY015004,2RY015004,2RY015004,2RY015004
2RY015005,2RY015005,2RY015005,2RY015005,2RY015005
2RY015006,2RY015006,2RY015006,2RY015006,2RY015006
2RY015007,2RY015007,2RY015007,2RY015007,2RY015007
2RY015008,2RY015008,2RY015008,2RY015008,2RY015008
2RY015009,2RY015009,2RY015009,2RY015009,2RY015009
2RY015010,2RY015010,2RY015010,2RY015010,2RY015010
2RY015011,2RY015011,2RY015011,2RY015011,2RY015011
2RY015012,2RY015012,2RY015012,2RY015012,2RY015012
2RY015013,2RY015013,2RY015013,2RY015013,2RY015013
2RY015014,2RY015014,2RY015014,2RY015014,2RY015014
2RY015015,2RY015015,2RY015015,2RY015015,2RY015015
2RY015016,2RY015016,2RY015016,2RY015016,2RY015016
2RY015017,2RY015017,2RY015017,2RY015017,2RY015017
2RY015018,2RY015018,2RY015018,2RY015018,2RY015018
2RY015019,2RY015019,2RY015019,2RY015019,2RY015019
2RY015020,2RY015020,2RY015020,2RY015020,2RY015020
2RY015021,2RY015021,2RY015021,2RY015021,2RY015021
2RY015022,2RY015022,2RY015022,2RY015022,2RY015022
2RY015023,2RY015023,2RY015023,2RY015023,2RY015023
2RY015024,2RY015024,2RY015024,2RY015024,2RY015024
2RY015025,2RY015025,2RY015025,2RY015025,2RY015025
2RY015026,2RY015026,2RY015026,2RY015026,2RY015026
2RY015027,2RY015027,2RY015027,2RY015027,2RY015027
2RY015028,2RY015028,2RY015028,2RY015028,2RY015028
2RY015029,2RY015029,2RY015029,2RY015029,2RY015029
2RY015030,2RY015030,2RY015030,2RY015030,2RY015030
2RY015031,2RY015031,2RY015031,2RY015031,2RY015031
2RY015032,2RY015032,2RY015032,2RY015032,2RY015032
2RY015033,2RY015033,2RY015033,2RY015033,2RY015033
2RY015034,2RY015034,2RY015034,2RY015034,2RY015034
2RY015035,2RY015035,2RY015035,2RY015035,2RY015035
2RY015036,2RY015036,2RY015036,2RY015036,2RY015036
2RY015037,2RY015037,2RY015037,2RY015037,2RY015037
2RY015038,2RY015038,2RY015038,2RY015038,2RY015038
2RY016001,2RY016001,2RY016001,2RY016001,2RY016001
2RY016002,2RY016002,2RY016002,2RY016002,2RY016002
2RY016003,2RY016003,2RY016003,2RY016003,2RY016003
2RY016004,2RY016004,2RY016004,2RY016004,2RY016004
2RY016005,2RY016005,2RY016005,2RY016005,2RY016005
2RY016006,2RY016006,2RY016006,2RY016006,2RY016006
2RY016007,2RY016007,2RY016007,2RY016007,2RY016007
2RY016008,2RY016008,2RY016008,2RY016008,2RY016008
2RY016009,2RY016009,2RY016009,2RY016009,2RY016009
2RY016010,2RY016010,2RY016010,2RY016010,2RY016010
2RY016011,2RY016011,2RY016011,2RY016011,2RY016011
2RY016012,2RY016012,2RY016012,2RY016012,2RY016012
2RY016013,2RY016013,2RY016013,2RY016013,2RY016013
2RY016014,2RY016014,2RY016014,2RY016014,2RY016014
2RY016015,2RY016015,2RY016015,2RY016015,2RY016015
2RY016016,2RY016016,2RY016016,2RY016016,2RY016016
2RY016017,2RY016017,2RY016017,2RY016017,2RY016017
2RY016018,2RY016018,2RY016018,2RY016018,2RY016018
2RY016019,2RY016019,2RY016019,2RY016019,2RY016019
2RY016020,2RY016020,2RY016020,,2RY016020
2RY017001,2RY017001,2RY017001,2RY017001,2RY017001
2RY017002,2RY017002,2RY017002,2RY017002,2RY017002
2RY017003,2RY017003,2RY017003,2RY017003,2RY017003
2RY017004,2RY017004,2RY017004,2RY017004,2RY017004
2RY017005,2RY017005,2RY017005,2RY017005,2RY017005
2RY017006,2RY017006,2RY017006,2RY017006,2RY017006
2RY017007,2RY017007,2RY017007,2RY017007,2RY017007
2RY017008,2RY017008,2RY017008,2RY017008,2RY017008
2RY017009,2RY017009,2RY017009,2RY017009,2RY017009
2RY017010,2RY017010,2RY017010,2RY017010,2RY017010
2RY017011,2RY017011,2RY017011,2RY017011,2RY017011
2RY017012,2RY017012,2RY017012,2RY017012,2RY017012
2RY017013,2RY017013,2RY017013,2RY017013,2RY017013
2RY017014,2RY017014,2RY017014,2RY017014,2RY017014
2RY017015,2RY017015,2RY017015,2RY017015,2RY017015
2RY017016,2RY017016,2RY017016,2RY017016,2RY017016
2RY017017,2RY017017,2RY017017,2RY017017,2RY017017
2RY017018,2RY017018,2RY017018,2RY017018,2RY017018
2RY017019,2RY017019,2RY017019,2RY017019,2RY017019
2RY017020,2RY017020,2RY017020,2RY017020,2RY017020
2RY017021,2RY017021,2RY017021,2RY017021,2RY017021
2RY017022,2RY017022,2RY017022,2RY017022,2RY017022
2RY017023,2RY017023,2RY017023,2RY017023,2RY017023
2RY017024,2RY017024,2RY017024,2RY017024,2RY017024
2RY017025,2RY017025,2RY017025,2RY017025,2RY017025
2RY017026,2RY017026,2RY017026,2RY017026,2RY017026
2RY017027,2RY017027,2RY017027,2RY017027,2RY017027
2RY017028,2RY017028,2RY017028,2RY017028,2RY017028
2RY017029,2RY017029,2RY017029,2RY017029,2RY017029
2RY017030,2RY017030,2RY017030,2RY017030,2RY017030
2RY017031,2RY017031,2RY017031,2RY017031,2RY017031
2RY017032,2RY017032,2RY017032,2RY017032,2RY017032
2RY017033,2RY017033,2RY017033,2RY017033,2RY017033
2RY017034,2RY017034,2RY017034,2RY017034,2RY017034
2RY017035,2RY017035,2RY017035,2RY017035,2RY017035
2RY017036,2RY017036,2RY017036,2RY017036,2RY017036
2RY017037,2RY017037,2RY017037,2RY017037,2RY017037
2RY017038,2RY017038,2RY017038,2RY017038,2RY017038
2RY017039,2RY017039,2RY017039,2RY017039,2RY017039
2RY017040,2RY017040,2RY017040,2RY017040,2RY017040
2RY017041,2RY017041,2RY017041,2RY017041,2RY017041
2RY018001,2RY018001,2RY018001,2RY018001,2RY018001
2RY018002,2RY018002,2RY018002,2RY018002,2RY018002
2RY018003,2RY018003,2RY018003,2RY018003,2RY018003
2RY018004,2RY018004,2RY018004,2RY018004,2RY018004
2RY018005,2RY018005,2RY018005,2RY018005,2RY018005
2RY018006,2RY018006,2RY018006,2RY018006,2RY018006
2RY018007,2RY018007,2RY018007,2RY018007,2RY018007
2RY018008,2RY018008,2RY018008,2RY018008,2RY018008
2RY018009,2RY018009,2RY018009,2RY018009,2RY018009
2RY018010,2RY018010,2RY018010,2RY018010,2RY018010
2RY018011,2RY018011,2RY018011,2RY018011,2RY018011
2RY018012,2RY018012,2RY018012,2RY018012,2RY018012
2RY018013,2RY018013,2RY018013,2RY018013,2RY018013
2RY018014,2RY018014,2RY018014,2RY018014,2RY018014
2RY018015,2RY018015,2RY018015,2RY018015,2RY018015
2RY018016,2RY018016,2RY018016,2RY018016,2RY018016
2RY018017,2RY018017,2RY018017,2RY018017,2RY018017
2RY018018,2RY018018,2RY018018,2RY018018,2RY018018
2RY018019,2RY018019,2RY018019,2RY018019,2RY018019
2RY018020,2RY018020,2RY018020,2RY018020,2RY018020
2RY018021,2RY018021,2RY018021,2RY018021,2RY018021
2RY018022,2RY018022,2RY018022,2RY018022,2RY018022
2RY018023,2RY018023,2RY018023,2RY018023,2RY018023
2RY018024,2RY018024,2RY018024,2RY018024,2RY018024
2RY018025,2RY018025,2RY018025,2RY018025,2RY018025
2RY018026,2RY018026,2RY018026,2RY018026,2RY018026
2RY018027,2RY018027,2RY018027,2RY018027,2RY018027
2RY018028,2RY018028,2RY018028,2RY018028,2RY018028
2RY018029,2RY018029,2RY018029,2RY018029,2RY018029
2RY018030,2RY018030,2RY018030,2RY018030,2RY018030
2RY018031,2RY018031,2RY018031,2RY018031,2RY018031
2RY018032,2RY018032,2RY018032,2RY018032,2RY018032
2RY018033,2RY018033,2RY018033,2RY018033,2RY018033
2RY018034,2RY018034,2RY018034,2RY018034,2RY018034
2RY018035,2RY018035,2RY018035,2RY018035,2RY018035
2RY018036,2RY018036,2RY018036,2RY018036,2RY018036
2RY018037,2RY018037,2RY018037,2RY018037,2RY018037
2RY019001,2RY019001,2RY019001,2RY019001,2RY019001
2RY019002,2RY019002,2RY019002,2RY019002,2RY019002
2RY019003,2RY019003,2RY019003,2RY019003,2RY019003
2RY019004,2RY019004,2RY019004,2RY019004,2RY019004
2RY019005,2RY019005,2RY019005,2RY019005,2RY019005
2RY019006,2RY019006,2RY019006,2RY019006,2RY019006
2RY019007,2RY019007,2RY019007,2RY019007,2RY019007
2RY019008,2RY019008,2RY019008,2RY019008,2RY019008
2RY019009,2RY019009,2RY019009,2RY019009,2RY019009
2RY019010,2RY019010,2RY019010,2RY019010,2RY019010
2RY019011,2RY019011,2RY019011,2RY019011,2RY019011
2RY019012,2RY019012,2RY019012,2RY019012,2RY019012
2RY019013,2RY019013,2RY019013,2RY019013,2RY019013
2RY019014,2RY019014,2RY019014,2RY019014,2RY019014
2RY019015,2RY019015,2RY019015,2RY019015,2RY019015
2RY019016,2RY019016,2RY019016,2RY019016,2RY019016
2RY019017,2RY019017,2RY019017,2RY019017,2RY019017
2RY019018,2RY019018,2RY019018,2RY019018,2RY019018
2RY019019,2RY019019,2RY019019,2RY019019,2RY019019
2RY019020,2RY019020,2RY019020,2RY019020,2RY019020
2RY019021,2RY019021,2RY019021,2RY019021,2RY019021
2RY019022,2RY019022,2RY019022,2RY019022,2RY019022
2RY019023,2RY019023,2RY019023,2RY019023,2RY019023
2RY019024,2RY019024,2RY019024,2RY019024,2RY019024
2RY019025,2RY019025,2RY019025,2RY019025,2RY019025
2RY019026,2RY019026,2RY019026,2RY019026,2RY019026
2RY019027,2RY019027,2RY019027,2RY019027,2RY019027
2RY019028,2RY019028,2RY019028,2RY019028,2RY019028
2RY019029,2RY019029,2RY019029,2RY019029,2RY019029
2RY019030,2RY019030,2RY019030,2RY019030,2RY019030
2RY019031,2RY019031,2RY019031,2RY019031,2RY019031
2RY019032,2RY019032,2RY019032,2RY019032,2RY019032
2RY019033,2RY019033,2RY019033,2RY019033,2RY019033
2RY019034,2RY019034,2RY019034,2RY019034,2RY019034
2RY019035,2RY019035,2RY019035,2RY019035,2RY019035
2RY019036,2RY019036,2RY019036,2RY019036,2RY019036
2RY019037,2RY019037,2RY019037,2RY019037,2RY019037
2RY020001,2RY020001,2RY020001,2RY020001,2RY020001
2RY020002,2RY020002,2RY020002,2RY020002,2RY020002
2RY020003,2RY020003,2RY020003,2RY020003,2RY020003
2RY020004,2RY020004,2RY020004,2RY020004,2RY020004
2RY020005,2RY020005,2RY020005,2RY020005,2RY020005
2RY020006,2RY020006,2RY020006,2RY020006,2RY020006
2RY020007,2RY020007,2RY020007,2RY020007,2RY020007
2RY020008,2RY020008,2RY020008,2RY020008,2RY020008
2RY020009,2RY020009,2RY020009,2RY020009,2RY020009
2RY020010,2RY020010,2RY020010,2RY020010,2RY020010
2RY020011,2RY020011,2RY020011,2RY020011,2RY020011
2RY020012,2RY020012,2RY020012,2RY020012,2RY020012
2RY020013,2RY020013,2RY020013,2RY020013,2RY020013
2RY020014,2RY020014,2RY020014,2RY020014,2RY020014
2RY020015,2RY020015,2RY020015,2RY020015,2RY020015
2RY020016,2RY020016,2RY020016,2RY020016,2RY020016
2RY020017,2RY020017,2RY020017,2RY020017,2RY020017
2RY020018,2RY020018,2RY020018,2RY020018,2RY020018
2RY020019,2RY020019,2RY020019,2RY020019,2RY020019
2RY020020,2RY020020,2RY020020,2RY020020,2RY020020
2RY020021,2RY020021,2RY020021,2RY020021,2RY020021
2RY021001,2RY021001,2RY021001,2RY021001,2RY021001
2RY021002,2RY021002,2RY021002,2RY021002,2RY021002
2RY021003,2RY021003,2RY021003,2RY021003,2RY021003
2RY021004,2RY021004,2RY021004,2RY021004,2RY021004
2RY021005,2RY021005,2RY021005,2RY021005,2RY021005
2RY021006,2RY021006,2RY021006,2RY021006,2RY021006
2RY021007,2RY021007,2RY021007,2RY021007,2RY021007
2RY021008,2RY021008,2RY021008,2RY021008,2RY021008
2RY021009,2RY021009,2RY021009,2RY021009,2RY021009
2RY021010,2RY021010,2RY021010,2RY021010,2RY021010
2RY021011,2RY021011,2RY021011,2RY021011,2RY021011
2RY021012,2RY021012,2RY021012,2RY021012,2RY021012
2RY021013,2RY021013,2RY021013,2RY021013,2RY021013
2RY021014,2RY021014,2RY021014,2RY021014,2RY021014
2RY021015,2RY021015,2RY021015,2RY021015,2RY021015
2RY021016,2RY021016,2RY021016,2RY021016,2RY021016
2RY021017,2RY021017,2RY021017,2RY021017,2RY021017
2RY021018,2RY021018,2RY021018,2RY021018,2RY021018
2RY021019,2RY021019,2RY021019,2RY021019,2RY021019
2RY021020,2RY021020,2RY021020,2RY021020,2RY021020
2RY021021,2RY021021,2RY021021,2RY021021,2RY021021
2RY021022,2RY021022,2RY021022,2RY021022,2RY021022
2RY021023,2RY021023,2RY021023,2RY021023,2RY021023
2RY021024,2RY021024,2RY021024,2RY021024,2RY021024
2RY021025,2RY021025,2RY021025,2RY021025,2RY021025
2RY021026,2RY021026,2RY021026,2RY021026,2RY021026
2RY022001,2RY022001,2RY022001,2RY022001,2RY022001
2RY022002,2RY022002,2RY022002,2RY022002,2RY022002
2RY022003,2RY022003,2RY022003,2RY022003,2RY022003
2RY022004,2RY022004,2RY022004,2RY022004,2RY022004
2RY022005,2RY022005,2RY022005,2RY022005,2RY022005
2RY022006,2RY022006,2RY022006,2RY022006,2RY022006
2RY022007,2RY022007,2RY022007,2RY022007,2RY022007
2RY022008,2RY022008,2RY022008,2RY022008,2RY022008
2RY022009,2RY022009,2RY022009,2RY022009,2RY022009
2RY022010,2RY022010,2RY022010,2RY022010,2RY022010
2RY022011,2RY022011,2RY022011,2RY022011,2RY022011
2RY022012,2RY022012,2RY022012,2RY022012,2RY022012
2RY022013,2RY022013,2RY022013,2RY022013,2RY022013
2RY022014,2RY022014,2RY022014,2RY022014,2RY022014
2RY022015,2RY022015,2RY022015,2RY022015,2RY022015
2RY022016,2RY022016,2RY022016,2RY022016,2RY022016
2RY022017,2RY022017,2RY022017,2RY022017,2RY022017
2RY022018,2RY022018,2RY022018,2RY022018,2RY022018
2RY022019,2RY022019,2RY022019,2RY022019,2RY022019
2RY022020,2RY022020,2RY022020,2RY022020,2RY022020
2RY023001,2RY023001,2RY023001,2RY023001,2RY023001
2RY023002,2RY023002,2RY023002,2RY023002,2RY023002
2RY023003,2RY023003,2RY023003,2RY023003,2RY023003
2RY023004,2RY023004,2RY023004,2RY023004,2RY023004
2RY023005,2RY023005,2RY023005,2RY023005,2RY023005
2RY023006,2RY023006,2RY023006,2RY023006,2RY023006
2RY023007,2RY023007,2RY023007,2RY023007,2RY023007
2RY023008,2RY023008,2RY023008,2RY023008,2RY023008
2RY023009,2RY023009,2RY023009,2RY023009,2RY023009
2RY023010,2RY023010,2RY023010,2RY023010,2RY023010
2RY023011,2RY023011,2RY023011,2RY023011,2RY023011
2RY023012,2RY023012,2RY023012,2RY023012,2RY023012
2RY023013,2RY023013,2RY023013,2RY023013,2RY023013
2RY023014,2RY023014,2RY023014,2RY023014,2RY023014
2RY023015,2RY023015,2RY023015,2RY023015,2RY023015
2RY023016,2RY023016,2RY023016,2RY023016,2RY023016
2RY023017,2RY023017,2RY023017,2RY023017,2RY023017
2RY023018,2RY023018,2RY023018,2RY023018,2RY023018
2RY023019,2RY023019,2RY023019,2RY023019,2RY023019
2RY023020,2RY023020,2RY023020,2RY023020,2RY023020
2RY023021,2RY023021,2RY023021,2RY023021,2RY023021
2RY023022,2RY023022,2RY023022,2RY023022,2RY023022
2RY023023,2RY023023,2RY023023,2RY023023,2RY023023
2RY023024,2RY023024,2RY023024,2RY023024,2RY023024
2RY023025,2RY023025,2RY023025,2RY023025,2RY023025
2RY023026,2RY023026,2RY023026,2RY023026,2RY023026
2RY023027,2RY023027,2RY023027,2RY023027,2RY023027
2RY023028,2RY023028,2RY023028,2RY023028,2RY023028
2RY023029,2RY023029,2RY023029,2RY023029,2RY023029
2RY023030,2RY023030,2RY023030,2RY023030,2RY023030
2RY023031,2RY023031,2RY023031,2RY023031,2RY023031
2RY023032,2RY023032,2RY023032,2RY023032,2RY023032
2RY023033,2RY023033,2RY023033,2RY023033,2RY023033
2RY023034,2RY023034,2RY023034,2RY023034,2RY023034
2RY023035,2RY023035,2RY023035,2RY023035,2RY023035
2RY023036,2RY023036,2RY023036,2RY023036,2RY023036
2RY023037,2RY023037,2RY023037,2RY023037,
2RY024001,2RY024001,2RY024001,2RY024001,2RY024001
2RY024002,2RY024002,2RY024002,2RY024002,2RY024002
2RY024003,2RY024003,2RY024003,2RY024003,2RY024003
2RY024004,2RY024004,2RY024004,2RY024004,2RY024004
2RY024005,2RY024005,2RY024005,2RY024005,2RY024005
2RY024006,2RY024006,2RY024006,2RY024006,2RY024006
2RY024007,2RY024007,2RY024007,2RY024007,2RY024007
2RY024008,2RY024008,2RY024008,2RY024008,2RY024008
2RY024009,2RY024009,2RY024009,2RY024009,2RY024009
2RY024010,2RY024010,2RY024010,2RY024010,2RY024010
2RY024011,2RY024011,2RY024011,2RY024011,2RY024011
2RY024012,2RY024012,2RY024012,2RY024012,2RY024012
2RY024013,2RY024013,2RY024013,2RY024013,2RY024013
2RY024014,2RY024014,2RY024014,2RY024014,2RY024014
2RY024015,2RY024015,2RY024015,2RY024015,2RY024015
2RY024016,2RY024016,2RY024016,2RY024016,2RY024016
2RY024017,2RY024017,2RY024017,2RY024017,2RY024017
2RY024018,2RY024018,2RY024018,2RY024018,2RY024018
2RY024019,2RY024019,2RY024019,2RY024019,2RY024019
2RY024020,2RY024020,2RY024020,2RY024020,2RY024020
2RY025001,2RY025001,2RY025001,2RY025001,2RY025001
2RY025002,2RY025002,2RY025002,2RY025002,2RY025002
2RY025003,2RY025003,2RY025003,2RY025003,2RY025003
2RY025004,2RY025004,2RY025004,2RY025004,2RY025004
2RY025005,2RY025005,2RY025005,2RY025005,2RY025005
2RY025006,2RY025006,2RY025006,2RY025006,2RY025006
2RY025007,2RY025007,2RY025007,2RY025007,2RY025007
2RY025008,2RY025008,2RY025008,2RY025008,2RY025008
2RY025009,2RY025009,2RY025009,2RY025009,2RY025009
2RY025010,2RY025010,2RY025010,2RY025010,2RY025010
2RY025011,2RY025011,2RY025011,2RY025011,2RY025011
2RY025012,2RY025012,2RY025012,2RY025012,2RY025012
2RY025013,2RY025013,2RY025013,2RY025013,2RY025013
2RY025014,2RY025014,2RY025014,2RY025014,2RY025014
2RY025015,2RY025015,2RY025015,2RY025015,2RY025015
2RY025016,2RY025016,2RY025016,2RY025016,2RY025016
2RY025017,2RY025017,2RY025017,2RY025017,2RY025017
2RY025018,2RY025018,2RY025018,2RY025018,2RY025018
2RY025019,2RY025019,2RY025019,2RY025019,2RY025019
2RY025020,2RY025020,2RY025020,2RY025020,2RY025020
2RY025021,2RY025021,2RY025021,2RY025021,2RY025021
2RY025022,2RY025022,2RY025022,2RY025022,2RY025022
2RY025023,2RY025023,2RY025023,2RY025023,2RY025023
2RY025024,2RY025024,2RY025024,2RY025024,2RY025024
2RY025025,2RY025025,2RY025025,2RY025025,2RY025025
2RY025026,2RY025026,2RY025026,2RY025026,2RY025026
2RY025027,2RY025027,2RY025027,2RY025027,2RY025027
2RY025028,2RY025028,2RY025028,2RY025028,2RY025028
2RY025029,2RY025029,2RY025029,2RY025029,2RY025029
2RY025030,2RY025030,2RY025030,2RY025030,2RY025030
